Workbook
Name Slicer_Category: #N/A
Name Slicer_Date: #N/A

Sheet Transactions
A1: Date | B1: Category | C1: Description | D1: Amount | E1: Type | F1: Column1
A2: 01-Apr | B2: Food | C2: Breakfast | D2: 250 | E2: Expense
A3: 01-Apr | B3: Transport | C3: Bus | D3: 80 | E3: Expense
A4: 02-Apr | B4: Food | C4: Lunch | D4: 500 | E4: Expense
A5: 02-Apr | B5: Bills | C5: Electricity | D5: 3000 | E5: Expense
A6: 03-Apr | B6: Transport | C6: Rickshaw | D6: 150 | E6: Expense
A7: 03-Apr | B7: Food | C7: Dinner | D7: 600 | E7: Expense
A8: 04-Apr | B8: Shopping | C8: Clothes | D8: 2000 | E8: Expense
A9: 04-Apr | B9: Food | C9: Snacks | D9: 200 | E9: Expense
A10: 05-Apr | B10: Transport | C10: Bus | D10: 80 | E10: Expense
A11: 05-Apr | B11: Food | C11: Lunch | D11: 450 | E11: Expense
A12: 06-Apr | B12: Bills | C12: Internet | D12: 2000 | E12: Expense
A13: 06-Apr | B13: Food | C13: Dinner | D13: 550 | E13: Expense
... A61: 30-Apr | B61: Food | C61: Dinner | D61: 700 | E61: Expense
A64: ✔ Columns:
A66: 👉 Drag Type (Budget vs Expense)

Sheet Budget
A1: Category | B1: amount
A2: Food | B2: 14000
A3: Transport | B3: 5000
A4: Bills | B4: 18000
A5: Shopping | B5: 6000
A6: Others | B6: 3000

Sheet Budget_vs_Actual
A1: Category | B1: Budget | C1: Actual | D1: Difference | E1: Status | F1: Total Budget | G1: Total Actual | H1: Total Difference
A2: Food | B2: 14000 | C2: =SUMIF(Transactions!B:B,"Food",Transactions!D:D) -> 13700 | D2: =B2-C2 -> 300 | E2: =IF(D2<0," Over Budget",IF(D2=0," On Budget"," Under Budget")) -> Under Budget | F2: =SUM(Budget_vs_Actual!B:B) -> 46000 | G2: =SUM(Budget_vs_Actual!C:C) -> 41630 | H2: =SUM(Budget_vs_Actual!D:D) -> 4370
A3: Transport | B3: 5000 | C3: =SUMIF(Transactions!B:B,A3,Transactions!D:D) -> 3930 | D3: =B3-C3 -> 1070 | E3: =IF(D3<0," Over Budget",IF(D3=0," On Budget","Under Budget")) -> Under Budget
A4: Bills | B4: 18000 | C4: =SUMIF(Transactions!B:B,A4,Transactions!D:D) -> 12500 | D4: =B4-C4 -> 5500 | E4: =IF(D4<0,"Over Budget",IF(D4=0," On Budget"," Under Budget")) -> Under Budget
A5: Shopping | B5: 6000 | C5: =SUMIF(Transactions!B:B,A5,Transactions!D:D) -> 10000 | D5: =B5-C5 -> -4000 | E5: =IF(D5<0,"Over Budget","Under Budget") -> Over Budget
A6: Others | B6: 3000 | C6: =SUMIF(Transactions!B:B,A6,Transactions!D:D) -> 1500 | D6: =B6-C6 -> 1500 | E6: =IF(D6<0,"Over Budget","Under Budget") -> Under Budget

Sheet Dashboard
A1: Category | B1: Actual | C1: Budget
A2: Food | B2: =SUMIF(Transactions!B:B,"Food",Transactions!D:D) -> 13700 | C2: 14000
A3: Transport | B3: =SUMIF(Transactions!B:B,A3,Transactions!D:D) -> 3930 | C3: 5000
A4: Bills | B4: =SUMIF(Transactions!B:B,A4,Transactions!D:D) -> 12500 | C4: 18000
A5: Shopping | B5: =SUMIF(Transactions!B:B,A5,Transactions!D:D) -> 10000 | C5: 6000
A6: Others | B6: =SUMIF(Transactions!B:B,A6,Transactions!D:D) -> 1500 | C6: 3000

Sheet pivot 
A3: Row Labels | B3: Sum of Amount
A4: Food | B4: 2750
A5: Grand Total | B5: 2750
